<?xml version="1.0" encoding="UTF-8"?>
<project-private xmlns="http://www.netbeans.org/ns/project-private/1">
    <editor-bookmarks xmlns="http://www.netbeans.org/ns/editor-bookmarks/2" lastBookmarkId="0"/>
    <open-files xmlns="http://www.netbeans.org/ns/projectui-open-files/2">
        <group>
            <file>file:/C:/Users/F.Nurhayati/OneDrive/Documents/NetBeansProjects/Toko_ATK_Modified/web/formsalestambah.jsp</file>
            <file>file:/C:/Users/F.Nurhayati/OneDrive/Documents/NetBeansProjects/Toko_ATK_Modified/web/salesdetailtambah.jsp</file>
            <file>file:/C:/Users/F.Nurhayati/OneDrive/Documents/NetBeansProjects/Toko_ATK_Modified/web/stocklist.jsp</file>
            <file>file:/C:/Users/F.Nurhayati/OneDrive/Documents/NetBeansProjects/Toko_ATK_Modified/web/stocktambah.jsp</file>
            <file>file:/C:/Users/F.Nurhayati/OneDrive/Documents/NetBeansProjects/Toko_ATK_Modified/src/java/tokoatk/SalesDetail.java</file>
            <file>file:/C:/Users/F.Nurhayati/OneDrive/Documents/NetBeansProjects/Toko_ATK_Modified/web/API/api.saleslist.jsp</file>
            <file>file:/C:/Users/F.Nurhayati/OneDrive/Documents/NetBeansProjects/Toko_ATK_Modified/web/login.jsp</file>
            <file>file:/C:/Users/F.Nurhayati/OneDrive/Documents/NetBeansProjects/Toko_ATK_Modified/web/barangdetail.jsp</file>
            <file>file:/C:/Users/F.Nurhayati/OneDrive/Documents/NetBeansProjects/Toko_ATK_Modified/web/saleslist.view.jsp</file>
            <file>file:/C:/Users/F.Nurhayati/OneDrive/Documents/NetBeansProjects/Toko_ATK_Modified/web/baranglist.view.jsp</file>
            <file>file:/C:/Users/F.Nurhayati/OneDrive/Documents/NetBeansProjects/Toko_ATK_Modified/web/salesm.tambah.jsp</file>
            <file>file:/C:/Users/F.Nurhayati/OneDrive/Documents/NetBeansProjects/Toko_ATK_Modified/web/API/barangdetail.jsp</file>
            <file>file:/C:/Users/F.Nurhayati/OneDrive/Documents/NetBeansProjects/Toko_ATK_Modified/web/home.view.jsp</file>
            <file>file:/C:/Users/F.Nurhayati/OneDrive/Documents/NetBeansProjects/Toko_ATK_Modified/web/formbarangtambah.jsp</file>
            <file>file:/C:/Users/F.Nurhayati/OneDrive/Documents/NetBeansProjects/Toko_ATK_Modified/web/formlogin.jsp</file>
            <file>file:/C:/Users/F.Nurhayati/OneDrive/Documents/NetBeansProjects/Toko_ATK_Modified/src/java/tokoatk/Barang.java</file>
            <file>file:/C:/Users/F.Nurhayati/OneDrive/Documents/NetBeansProjects/Toko_ATK_Modified/web/API/baranglist.jsp</file>
            <file>file:/C:/Users/F.Nurhayati/OneDrive/Documents/NetBeansProjects/Toko_ATK_Modified/web/userlist.view.jsp</file>
            <file>file:/C:/Users/F.Nurhayati/OneDrive/Documents/NetBeansProjects/Toko_ATK_Modified/web/API/barangdelete.jsp</file>
            <file>file:/C:/Users/F.Nurhayati/OneDrive/Documents/NetBeansProjects/Toko_ATK_Modified/web/barangupdateaksi.jsp</file>
            <file>file:/C:/Users/F.Nurhayati/OneDrive/Documents/NetBeansProjects/Toko_ATK_Modified/web/API/api.salestotal.jsp</file>
            <file>file:/C:/Users/F.Nurhayati/OneDrive/Documents/NetBeansProjects/Toko_ATK_Modified/web/usertambah.jsp</file>
            <file>file:/C:/Users/F.Nurhayati/OneDrive/Documents/NetBeansProjects/Toko_ATK_Modified/web/stoklist.view.jsp</file>
            <file>file:/C:/Users/F.Nurhayati/OneDrive/Documents/NetBeansProjects/Toko_ATK_Modified/web/barangupdate.jsp</file>
            <file>file:/C:/Users/F.Nurhayati/OneDrive/Documents/NetBeansProjects/Toko_ATK_Modified/web/saleslist.jsp</file>
            <file>file:/C:/Users/F.Nurhayati/OneDrive/Documents/NetBeansProjects/Toko_ATK_Modified/web/userlist.jsp</file>
            <file>file:/C:/Users/F.Nurhayati/OneDrive/Documents/NetBeansProjects/Toko_ATK_Modified/web/formbarangtambah.view.jsp</file>
            <file>file:/C:/Users/F.Nurhayati/OneDrive/Documents/NetBeansProjects/Toko_ATK_Modified/web/baranglist.jsp</file>
            <file>file:/C:/Users/F.Nurhayati/OneDrive/Documents/NetBeansProjects/Toko_ATK_Modified/web/cetaknota.jsp</file>
            <file>file:/C:/Users/F.Nurhayati/OneDrive/Documents/NetBeansProjects/Toko_ATK_Modified/web/API/barangadd.jsp</file>
            <file>file:/C:/Users/F.Nurhayati/OneDrive/Documents/NetBeansProjects/Toko_ATK_Modified/web/API/barangupdate.jsp</file>
            <file>file:/C:/Users/F.Nurhayati/OneDrive/Documents/NetBeansProjects/Toko_ATK_Modified/web/saleshapus.jsp</file>
            <file>file:/C:/Users/F.Nurhayati/OneDrive/Documents/NetBeansProjects/Toko_ATK_Modified/web/salesselesai.jsp</file>
            <file>file:/C:/Users/F.Nurhayati/OneDrive/Documents/NetBeansProjects/Toko_ATK_Modified/web/formlogin.view.jsp</file>
            <file>file:/C:/Users/F.Nurhayati/OneDrive/Documents/NetBeansProjects/Toko_ATK_Modified/web/formusertambah.view.jsp</file>
            <file>file:/C:/Users/F.Nurhayati/OneDrive/Documents/NetBeansProjects/Toko_ATK_Modified/web/home.jsp</file>
            <file>file:/C:/Users/F.Nurhayati/OneDrive/Documents/NetBeansProjects/Toko_ATK_Modified/web/formsalestambah.view.jsp</file>
            <file>file:/C:/Users/F.Nurhayati/OneDrive/Documents/NetBeansProjects/Toko_ATK_Modified/web/salesdetail.simpan.jsp</file>
            <file>file:/C:/Users/F.Nurhayati/OneDrive/Documents/NetBeansProjects/Toko_ATK_Modified/web/API/api.salesdelete.jsp</file>
            <file>file:/C:/Users/F.Nurhayati/OneDrive/Documents/NetBeansProjects/Toko_ATK_Modified/web/baranghapus.jsp</file>
            <file>file:/C:/Users/F.Nurhayati/OneDrive/Documents/NetBeansProjects/Toko_ATK_Modified/web/API/api.salesdetail.jsp</file>
            <file>file:/C:/Users/F.Nurhayati/OneDrive/Documents/NetBeansProjects/Toko_ATK_Modified/web/userhapus.jsp</file>
            <file>file:/C:/Users/F.Nurhayati/OneDrive/Documents/NetBeansProjects/Toko_ATK_Modified/web/formstocktambah.jsp</file>
        </group>
    </open-files>
</project-private>
